"nombreorigen";"nombredestino";"tiempo_uso_avg";"count"
"RETIRO";"UCA PUERTO MADERO";"19";"10921"
"UCA PUERTO MADERO";"RETIRO";"19";"10377"
"PACIFICO";"PACIFICO";"45";"10089"
"RETIRO";"DERECHO";"12";"8909"
"PZA. ROMA";"PZA. ROMA";"30";"8851"
"PZA. DE MAYO";"PZA. DE MAYO";"35";"8376"
"DERECHO";"RETIRO";"12";"7993"
"PZA. ROMA";"RETIRO";"14";"7766"
"PLAZA ITALIA";"PLAZA ITALIA";"48";"7709"
"EMMA DE LA BARRA";"RETIRO";"13";"7563"
"RETIRO";"PZA. ROMA";"14";"7497"
"RETIRO";"EMMA DE LA BARRA";"18";"7116"
"UCA PUERTO MADERO";"UCA PUERTO MADERO";"38";"6921"
"PZA. ROMA";"UCA PUERTO MADERO";"15";"6815"
"PARQUE LEZAMA";"PARQUE LEZAMA";"41";"6765"
"SUIPACHA";"SUIPACHA";"36";"6760"
"PARQUE LAS HERAS";"PARQUE LAS HERAS";"36";"6718"
"EMMA DE LA BARRA";"EMMA DE LA BARRA";"42";"6115"
"PZA. ROMA";"EMMA DE LA BARRA";"16";"6006"
"DERECHO";"DERECHO";"35";"5871"
"ADUANA";"ADUANA";"34";"5832"
"RETIRO";"PARQUE LAS HERAS";"22";"5760"
"CONGRESO";"CONGRESO";"33";"5748"
"UCA PUERTO MADERO";"PZA. ROMA";"16";"5572"
"DERECHO";"PACIFICO";"30";"5381"
"OBELISCO";"OBELISCO";"36";"5367"
"RETIRO";"RETIRO";"22";"5060"
"RETIRO";"PACIFICO";"33";"4979"
"PLAZA ALMAGRO";"PLAZA ALMAGRO";"36";"4866"
"PZA. DE MAYO";"UCA PUERTO MADERO";"16";"4532"
"DERECHO";"PLAZA ITALIA";"34";"4460"
"EMMA DE LA BARRA";"PZA. ROMA";"13";"4376"
"PLAZA HOUSSAY";"PLAZA HOUSSAY";"27";"4276"
"PACIFICO";"DERECHO";"33";"4251"
"TRIBUNALES";"TRIBUNALES";"29";"4167"
"PLAZA VICENTE LOPEZ";"PLAZA VICENTE LOPEZ";"31";"3936"
"PZA. DE MAYO";"PZA. ROMA";"24";"3894"
"INDEPENDENCIA";"INDEPENDENCIA";"33";"3876"
"RETIRO";"ADUANA";"21";"3839"
"RETIRO";"PLAZA ITALIA";"32";"3827"
"PLAZA GÜEMES";"PLAZA GÜEMES";"38";"3819"
"ADUANA";"RETIRO";"21";"3816"
"DERECHO";"PARQUE LAS HERAS";"23";"3802"
"PZA. SAN MARTIN";"PZA. SAN MARTIN";"32";"3581"
"SUIPACHA";"PZA. DE MAYO";"24";"3555"
"PLAZA ITALIA";"DERECHO";"31";"3548"
"CONGRESO";"VIRREY CEVALLOS";"16";"3519"
"ADUANA";"UCA PUERTO MADERO";"18";"3515"
"ONCE";"ONCE";"40";"3460"
"PLAZA VICENTE LOPEZ";"PARQUE LAS HERAS";"19";"3429"
"PARQUE LAS HERAS";"DERECHO";"23";"3350"
"CONGRESO";"PZA. DE MAYO";"17";"3342"
"RETIRO";"PZA. DE MAYO";"21";"3178"
"PZA. DE MAYO";"ADUANA";"27";"3173"
"PARQUE LAS HERAS";"RETIRO";"23";"3170"
"PZA. DE MAYO";"RETIRO";"24";"3122"
"PZA. DE MAYO";"EMMA DE LA BARRA";"20";"3079"
"PACIFICO";"PARQUE LAS HERAS";"28";"3062"
"ONCE";"CONGRESO";"21";"3051"
"ONCE";"PZA. DE MAYO";"23";"3026"
"TRIBUNALES";"RETIRO";"17";"3022"
"CONGRESO";"ONCE";"22";"2999"
"PLAZA VICENTE LOPEZ";"DERECHO";"20";"2965"
"ALSINA ";"ALSINA ";"35";"2958"
"PLAZA HOUSSAY";"ONCE";"23";"2955"
"CONGRESO";"INDEPENDENCIA";"17";"2933"
"SUIPACHA";"RETIRO";"18";"2925"
"PZA. DE MAYO";"SUIPACHA";"25";"2889"
"OBELISCO";"ONCE";"27";"2817"
"PARQUE LAS HERAS";"PACIFICO";"29";"2812"
"INDEPENDENCIA";"CONGRESO";"18";"2790"
"PARQUE LAS HERAS";"PLAZA ALMAGRO";"23";"2769"
"OBELISCO";"RETIRO";"21";"2765"
"INDEPENDENCIA";"PZA. DE MAYO";"17";"2746"
"VIRREY CEVALLOS";"CONGRESO";"15";"2744"
"PZA. ROMA";"PZA. DE MAYO";"28";"2740"
"PLAZA VICENTE LOPEZ";"RETIRO";"13";"2729"
"VIRREY CEVALLOS";"VIRREY CEVALLOS";"52";"2721"
"UCA PUERTO MADERO";"ADUANA";"18";"2709"
"ADUANA";"PARQUE LEZAMA";"18";"2671"
"PZA. DE MAYO";"PARQUE LEZAMA";"22";"2670"
"TRIBUNALES";"PZA. DE MAYO";"22";"2649"
"RETIRO";"PARQUE LEZAMA";"28";"2644"
"OBELISCO";"INDEPENDENCIA";"21";"2620"
"ADUANA";"PZA. ROMA";"23";"2608"
"PARQUE LAS HERAS";"PLAZA VICENTE LOPEZ";"19";"2605"
"PLAZA VICENTE LOPEZ";"SUIPACHA";"16";"2599"
"PARQUE LEZAMA";"ADUANA";"19";"2599"
"UCA PUERTO MADERO";"PZA. DE MAYO";"18";"2576"
"PACIFICO";"PLAZA ITALIA";"46";"2568"
"PZA. DE MAYO";"CONGRESO";"19";"2568"
"PLAZA ALMAGRO";"PARQUE LAS HERAS";"22";"2536"
"ARENALES";"PARQUE LAS HERAS";"20";"2508"
"PARQUE PATRICIOS ";"PARQUE PATRICIOS ";"46";"2507"
"RETIRO";"PLAZA GÜEMES";"28";"2499"
"UCA PUERTO MADERO";"INDEPENDENCIA";"17";"2471"
"PZA. DE MAYO";"INDEPENDENCIA";"21";"2462"
"PZA. ROMA";"ADUANA";"25";"2453"
"INDEPENDENCIA";"SUIPACHA";"21";"2428"
"PLAZA HOUSSAY";"PARQUE LAS HERAS";"21";"2394"
"PLAZA VICENTE LOPEZ";"PZA. SAN MARTIN";"12";"2394"
"INDEPENDENCIA";"OBELISCO";"19";"2387"
"PZA. ROMA";"PARQUE LEZAMA";"24";"2376"
"OBELISCO";"CONGRESO";"20";"2352"
"ONCE";"PLAZA HOUSSAY";"19";"2341"
"ARENALES";"ARENALES";"28";"2339"
"PARQUE CENTENARIO";"PARQUE CENTENARIO";"36";"2333"
"PLAZA ITALIA";"PACIFICO";"41";"2307"
"RETIRO";"TRIBUNALES";"19";"2300"
"PZA. DE MAYO";"TRIBUNALES";"23";"2274"
"PZA. ROMA";"DERECHO";"22";"2230"
"CONGRESO";"PLAZA ALMAGRO";"25";"2212"
"UCA PUERTO MADERO";"DERECHO";"30";"2202"
"EMMA DE LA BARRA";"UCA PUERTO MADERO";"26";"2192"
"UCA PUERTO MADERO";"PARQUE LEZAMA";"21";"2180"
"CONGRESO";"SUIPACHA";"22";"2180"
"RETIRO";"SUIPACHA";"19";"2176"
"PARQUE LAS HERAS";"PLAZA ITALIA";"38";"2171"
"PZA. SAN MARTIN";"PZA. DE MAYO";"26";"2166"
"RETIRO";"PLAZA VICENTE LOPEZ";"16";"2155"
"PLAZA GÜEMES";"PARQUE LAS HERAS";"25";"2151"
"PZA. DE MAYO";"ONCE";"26";"2141"
"PLAZA VICENTE LOPEZ";"CONGRESO";"16";"2132"
"CONGRESO";"PLAZA HOUSSAY";"20";"2118"
"ARENALES";"PLAZA VICENTE LOPEZ";"14";"2108"
"PLAZA VICENTE LOPEZ";"PACIFICO";"34";"2103"
"SUIPACHA";"INDEPENDENCIA";"24";"2100"
"PARQUE LEZAMA";"UCA PUERTO MADERO";"24";"2089"
"SUIPACHA";"OBELISCO";"29";"2081"
"PACIFICO";"RETIRO";"33";"2072"
"SUIPACHA";"CONGRESO";"22";"2060"
"ADUANA";"PZA. DE MAYO";"27";"2056"
"PLAZA HOUSSAY";"PLAZA ALMAGRO";"24";"2041"
"PARQUE LAS HERAS";"PLAZA HOUSSAY";"20";"2029"
"PZA. SAN MARTIN";"PLAZA VICENTE LOPEZ";"15";"2013"
"PARQUE LEZAMA";"PZA. ROMA";"25";"2005"
"PZA. DE MAYO";"OBELISCO";"29";"1993"
"PLAZA HOUSSAY";"CONGRESO";"21";"1990"
"UCA PUERTO MADERO";"PLAZA VICENTE LOPEZ";"30";"1981"
"ALSINA ";"SUIPACHA";"21";"1966"
"TRIBUNALES";"PZA. ROMA";"23";"1966"
"CONGRESO";"OBELISCO";"21";"1959"
"OBELISCO";"PZA. DE MAYO";"29";"1958"
"PLAZA VICENTE LOPEZ";"PZA. ROMA";"23";"1955"
"PZA. ROMA";"PARQUE LAS HERAS";"30";"1947"
"OBELISCO";"SUIPACHA";"30";"1940"
"PLAZA ALMAGRO";"PLAZA GÜEMES";"18";"1927"
"SUIPACHA";"PZA. ROMA";"29";"1905"
"OBELISCO";"PZA. ROMA";"31";"1901"
"PLAZA GÜEMES";"PACIFICO";"24";"1901"
"DERECHO";"PZA. ROMA";"22";"1897"
"PLAZA VICENTE LOPEZ";"ARENALES";"14";"1892"
"DERECHO";"PLAZA VICENTE LOPEZ";"20";"1892"
"PLAZA HOUSSAY";"RETIRO";"23";"1892"
"SUIPACHA";"PLAZA VICENTE LOPEZ";"18";"1880"
"TRIBUNALES";"CONGRESO";"21";"1880"
"ARENALES";"RETIRO";"12";"1879"
"INDEPENDENCIA";"UCA PUERTO MADERO";"24";"1867"
"TRIBUNALES";"DERECHO";"20";"1863"
"ARENALES";"SUIPACHA";"16";"1862"
"UCA PUERTO MADERO";"EMMA DE LA BARRA";"31";"1861"
"PARQUE LEZAMA";"RETIRO";"29";"1859"
"INDEPENDENCIA";"RETIRO";"24";"1845"
"CONGRESO";"PLAZA VICENTE LOPEZ";"19";"1828"
"ARENALES";"PZA. ROMA";"20";"1813"
"PLAZA ALMAGRO";"ONCE";"20";"1812"
"MONTEVIDEO";"MONTEVIDEO";"29";"1809"
"ONCE";"OBELISCO";"24";"1807"
"TRIBUNALES";"ONCE";"26";"1806"
"PLAZA ITALIA";"PARQUE LAS HERAS";"31";"1795"
"RETIRO";"CONGRESO";"25";"1793"
"PLAZA ALMAGRO";"CONGRESO";"26";"1790"
"PLAZA HOUSSAY";"PLAZA GÜEMES";"21";"1784"
"PLAZA GÜEMES";"PLAZA ALMAGRO";"20";"1780"
"PZA. SAN MARTIN";"PZA. ROMA";"22";"1779"
"PACIFICO";"PLAZA GÜEMES";"25";"1773"
"PLAZA GÜEMES";"PLAZA ITALIA";"33";"1767"
"OBELISCO";"TRIBUNALES";"25";"1757"
"OBELISCO";"PLAZA HOUSSAY";"22";"1749"
"ALSINA ";"PZA. DE MAYO";"24";"1748"
"CONGRESO";"RETIRO";"25";"1731"
"TRIBUNALES";"SUIPACHA";"22";"1712"
"INDEPENDENCIA";"ONCE";"26";"1695"
"PLAZA ALMAGRO";"PZA. DE MAYO";"28";"1691"
"PARQUE LAS HERAS";"PLAZA GÜEMES";"22";"1685"
"EMMA DE LA BARRA";"PZA. DE MAYO";"21";"1684"
"CONGRESO";"PARQUE LEZAMA";"27";"1662"
"SUIPACHA";"TRIBUNALES";"24";"1657"
"PLAZA HOUSSAY";"SUIPACHA";"20";"1653"
"CONGRESO";"PZA. ROMA";"25";"1649"
"TRIBUNALES";"PLAZA HOUSSAY";"18";"1643"
"PLAZA ALMAGRO";"PLAZA HOUSSAY";"22";"1638"
"PLAZA ITALIA";"RETIRO";"29";"1636"
"PLAZA HOUSSAY";"PACIFICO";"33";"1620"
"PLAZA HOUSSAY";"VIRREY CEVALLOS";"24";"1590"
"PACIFICO";"PLAZA ALMAGRO";"33";"1580"
"PARQUE LAS HERAS";"PZA. ROMA";"30";"1578"
"RETIRO";"OBELISCO";"26";"1574"
"SUIPACHA";"PLAZA HOUSSAY";"19";"1563"
"PLAZA GÜEMES";"DERECHO";"26";"1551"
"CONGRESO";"TRIBUNALES";"22";"1550"
"CONGRESO";"PARQUE LAS HERAS";"30";"1544"
"ARENALES";"DERECHO";"18";"1539"
"PLAZA VICENTE LOPEZ";"PLAZA ITALIA";"36";"1527"
"PZA. ROMA";"PLAZA VICENTE LOPEZ";"22";"1520"
"RETIRO";"INDEPENDENCIA";"27";"1518"
"PLAZA VICENTE LOPEZ";"ONCE";"25";"1512"
"PLAZA HOUSSAY";"INDEPENDENCIA";"25";"1510"
"PZA. SAN MARTIN";"TRIBUNALES";"18";"1505"
"VIRREY CEVALLOS";"PARQUE LEZAMA";"20";"1501"
"RETIRO";"PLAZA HOUSSAY";"23";"1501"
"PLAZA HOUSSAY";"DERECHO";"23";"1500"
"PZA. DE MAYO";"PZA. SAN MARTIN";"27";"1494"
"OBELISCO";"PLAZA ALMAGRO";"25";"1492"
"SUIPACHA";"ALSINA ";"26";"1488"
"TRIBUNALES";"PZA. SAN MARTIN";"16";"1488"
"INDEPENDENCIA";"PLAZA HOUSSAY";"25";"1482"
"PLAZA VICENTE LOPEZ";"TRIBUNALES";"18";"1458"
"TRIBUNALES";"OBELISCO";"26";"1456"
"ONCE";"PLAZA ALMAGRO";"22";"1451"
"PLAZA VICENTE LOPEZ";"PLAZA GÜEMES";"24";"1443"
"SUIPACHA";"ONCE";"33";"1441"
"PLAZA HOUSSAY";"PZA. ROMA";"23";"1440"
"PLAZA GÜEMES";"PLAZA VICENTE LOPEZ";"22";"1433"
"PLAZA HOUSSAY";"PZA. DE MAYO";"24";"1433"
"PZA. ROMA";"OBELISCO";"35";"1432"
"TRIBUNALES";"PLAZA VICENTE LOPEZ";"17";"1429"
"INDEPENDENCIA";"PARQUE LEZAMA";"24";"1421"
"PZA. SAN MARTIN";"SUIPACHA";"27";"1417"
"DERECHO";"PLAZA GÜEMES";"26";"1417"
"PLAZA VICENTE LOPEZ";"OBELISCO";"21";"1414"
"UCA PUERTO MADERO";"PARQUE LAS HERAS";"39";"1413"
"INDEPENDENCIA";"PZA. ROMA";"25";"1407"
"ALSINA ";"OBELISCO";"28";"1403"
"SUIPACHA";"ADUANA";"29";"1401"
"PLAZA GÜEMES";"PLAZA HOUSSAY";"19";"1392"
"PZA. ROMA";"INDEPENDENCIA";"27";"1391"
"PZA. DE MAYO";"PLAZA HOUSSAY";"27";"1379"
"PLAZA VICENTE LOPEZ";"PZA. DE MAYO";"25";"1379"
"PLAZA VICENTE LOPEZ";"UCA PUERTO MADERO";"29";"1376"
"PLAZA HOUSSAY";"TRIBUNALES";"20";"1370"
"PZA. ROMA";"PACIFICO";"40";"1369"
"PZA. ROMA";"SUIPACHA";"32";"1366"
"VIRREY CEVALLOS";"PZA. DE MAYO";"22";"1359"
"ALSINA ";"PZA. ROMA";"25";"1357"
"PLAZA GÜEMES";"RETIRO";"27";"1356"
"ALSINA ";"CONGRESO";"20";"1353"
"PARQUE LAS HERAS";"CONGRESO";"29";"1350"
"PZA. DE MAYO";"VIRREY CEVALLOS";"23";"1340"
"ONCE";"SUIPACHA";"28";"1339"
"PLAZA VICENTE LOPEZ";"PLAZA HOUSSAY";"16";"1336"
"PZA. SAN MARTIN";"PARQUE LAS HERAS";"26";"1334"
"PACIFICO";"PLAZA HOUSSAY";"30";"1327"
"PZA. DE MAYO";"ALSINA ";"31";"1326"
"PARQUE LAS HERAS";"PZA. SAN MARTIN";"22";"1322"
"PACIFICO";"PLAZA VICENTE LOPEZ";"35";"1320"
"PZA. ROMA";"PLAZA ITALIA";"39";"1311"
"PLAZA ALMAGRO";"PLAZA ITALIA";"35";"1311"
"MONTEVIDEO";"CONGRESO";"16";"1309"
"PZA. ROMA";"PLAZA HOUSSAY";"22";"1306"
"OBELISCO";"PLAZA VICENTE LOPEZ";"22";"1305"
"CONGRESO";"ADUANA";"27";"1303"
"SUIPACHA";"ARENALES";"20";"1296"
"TRIBUNALES";"PARQUE LAS HERAS";"27";"1294"
"PLAZA HOUSSAY";"PLAZA VICENTE LOPEZ";"17";"1292"
"TRIBUNALES";"INDEPENDENCIA";"24";"1292"
"PLAZA ITALIA";"PLAZA GÜEMES";"28";"1291"
"INDEPENDENCIA";"PLAZA ALMAGRO";"32";"1282"
"ARENALES";"PZA. SAN MARTIN";"16";"1280"
"ALSINA ";"INDEPENDENCIA";"27";"1278"
"ALSINA ";"RETIRO";"24";"1276"
"PZA. SAN MARTIN";"OBELISCO";"27";"1272"
"PZA. ROMA";"TRIBUNALES";"24";"1270"
"PLAZA VICENTE LOPEZ";"INDEPENDENCIA";"23";"1269"
"ONCE";"VIRREY CEVALLOS";"27";"1269"
"ADUANA";"SUIPACHA";"30";"1268"
"ALSINA ";"ONCE";"27";"1253"
"ARENALES";"PZA. DE MAYO";"24";"1252"
"OBELISCO";"PZA. SAN MARTIN";"24";"1248"
"SUIPACHA";"PZA. SAN MARTIN";"26";"1246"
"DISTRITO AUDIOVISUAL";"DISTRITO AUDIOVISUAL";"38";"1237"
"EMMA DE LA BARRA";"PARQUE LEZAMA";"27";"1236"
"OBELISCO";"ALSINA ";"31";"1236"
"PLAZA ALMAGRO";"PACIFICO";"31";"1235"
"PZA. SAN MARTIN";"UCA PUERTO MADERO";"26";"1235"
"PZA. SAN MARTIN";"DERECHO";"19";"1233"
"PZA. SAN MARTIN";"RETIRO";"25";"1231"
"INDEPENDENCIA";"ALSINA ";"25";"1225"
"ALSINA ";"ADUANA";"25";"1222"
"ONCE";"INDEPENDENCIA";"27";"1219"
"ONCE";"TRIBUNALES";"26";"1217"
"TRIBUNALES";"PLAZA ALMAGRO";"27";"1217"
"TRIBUNALES";"ADUANA";"24";"1217"
"ADUANA";"DERECHO";"29";"1210"
"OBELISCO";"ADUANA";"29";"1205"
"INDEPENDENCIA";"TRIBUNALES";"24";"1194"
"DERECHO";"UCA PUERTO MADERO";"35";"1192"
"INDEPENDENCIA";"PLAZA VICENTE LOPEZ";"25";"1190"
"PLAZA HOUSSAY";"PLAZA ITALIA";"35";"1185"
"PARQUE LEZAMA";"PZA. DE MAYO";"24";"1183"
"ADUANA";"TRIBUNALES";"24";"1179"
"CONGRESO";"PARQUE PATRICIOS ";"35";"1178"
"ADUANA";"ALSINA ";"25";"1174"
"SUIPACHA";"DERECHO";"21";"1173"
"ADUANA";"CONGRESO";"24";"1171"
"CONGRESO";"UCA PUERTO MADERO";"26";"1171"
"CONGRESO";"ALSINA ";"20";"1168"
"UCA PUERTO MADERO";"PACIFICO";"45";"1167"
"PLAZA HOUSSAY";"OBELISCO";"24";"1163"
"ADUANA";"EMMA DE LA BARRA";"31";"1160"
"DERECHO";"TRIBUNALES";"21";"1155"
"ONCE";"ALSINA ";"24";"1154"
"PZA. SAN MARTIN";"CONGRESO";"24";"1144"
"ARENALES";"OBELISCO";"21";"1142"
"SUIPACHA";"PARQUE LAS HERAS";"29";"1141"
"ARENALES";"PLAZA GÜEMES";"26";"1129"
"PARQUE LAS HERAS";"SUIPACHA";"26";"1128"
"INDEPENDENCIA";"ADUANA";"24";"1124"
"EMMA DE LA BARRA";"PARQUE LAS HERAS";"33";"1123"
"SUIPACHA";"EMMA DE LA BARRA";"23";"1122"
"PARQUE LAS HERAS";"ONCE";"30";"1117"
"ADUANA";"OBELISCO";"29";"1113"
"OBELISCO";"UCA PUERTO MADERO";"26";"1111"
"PLAZA ALMAGRO";"DERECHO";"31";"1111"
"PZA. ROMA";"CONGRESO";"28";"1109"
"OBELISCO";"VIRREY CEVALLOS";"25";"1096"
"PARQUE LAS HERAS";"ARENALES";"21";"1095"
"OBELISCO";"PARQUE LEZAMA";"28";"1088"
"PACIFICO";"PZA. ROMA";"39";"1082"
"DERECHO";"PLAZA HOUSSAY";"24";"1078"
"PARQUE LEZAMA";"CONGRESO";"28";"1072"
"ONCE";"PLAZA GÜEMES";"24";"1068"
"CONGRESO";"PLAZA GÜEMES";"32";"1065"
"ARENALES";"PLAZA HOUSSAY";"19";"1064"
"PLAZA ITALIA";"PLAZA VICENTE LOPEZ";"33";"1063"
"CONGRESO";"MONTEVIDEO";"19";"1034"
"PLAZA ITALIA";"PLAZA ALMAGRO";"34";"1027"
"PARQUE LAS HERAS";"TRIBUNALES";"23";"1027"
"PLAZA HOUSSAY";"PZA. SAN MARTIN";"19";"1026"
"UCA PUERTO MADERO";"CONGRESO";"25";"1023"
"ALSINA ";"TRIBUNALES";"24";"1019"
"VIRREY CEVALLOS";"ONCE";"29";"1010"
"PACIFICO";"DISTRITO AUDIOVISUAL";"27";"1007"
"ONCE";"PARQUE LAS HERAS";"29";"1000"
"ADUANA";"PARQUE LAS HERAS";"38";"998"
"INDEPENDENCIA";"VIRREY CEVALLOS";"24";"996"
"PLAZA GÜEMES";"SUIPACHA";"30";"995"
"CONGRESO";"DERECHO";"28";"994"
"OBELISCO";"ARENALES";"21";"992"
"ARENALES";"PACIFICO";"35";"991"
"UCA PUERTO MADERO";"OBELISCO";"26";"981"
"PARQUE LAS HERAS";"INDEPENDENCIA";"33";"981"
"PLAZA EMILIO MITRE";"PLAZA EMILIO MITRE";"28";"977"
"TRIBUNALES";"VIRREY CEVALLOS";"22";"976"
"ADUANA";"PLAZA VICENTE LOPEZ";"28";"974"
"PZA. SAN MARTIN";"INDEPENDENCIA";"24";"964"
"DERECHO";"PLAZA ALMAGRO";"33";"961"
"ADUANA";"INDEPENDENCIA";"28";"960"
"ARENALES";"CONGRESO";"22";"956"
"ALSINA ";"PLAZA HOUSSAY";"25";"956"
"EMMA DE LA BARRA";"SUIPACHA";"23";"955"
"PLAZA ALMAGRO";"TRIBUNALES";"27";"952"
"OBELISCO";"PARQUE LAS HERAS";"34";"950"
"ARENALES";"TRIBUNALES";"17";"948"
"UCA PUERTO MADERO";"TRIBUNALES";"25";"948"
"EMMA DE LA BARRA";"DERECHO";"26";"945"
"PZA. ROMA";"PLAZA GÜEMES";"37";"942"
"DISTRITO AUDIOVISUAL";"PACIFICO";"26";"938"
"VIRREY CEVALLOS";"OBELISCO";"24";"935"
"PZA. SAN MARTIN";"EMMA DE LA BARRA";"24";"933"
"TRIBUNALES";"PLAZA GÜEMES";"28";"926"
"PZA. ROMA";"PZA. SAN MARTIN";"30";"924"
"PLAZA GÜEMES";"PZA. ROMA";"34";"923"
"PLAZA ALMAGRO";"INDEPENDENCIA";"32";"920"
"PZA. SAN MARTIN";"PLAZA HOUSSAY";"22";"917"
"UCA PUERTO MADERO";"PLAZA HOUSSAY";"31";"915"
"VIRREY CEVALLOS";"PLAZA HOUSSAY";"23";"912"
"EMMA DE LA BARRA";"OBELISCO";"22";"910"
"PZA. DE MAYO";"PLAZA VICENTE LOPEZ";"28";"908"
"PLAZA ALMAGRO";"PARQUE CENTENARIO";"20";"904"
"ARENALES";"UCA PUERTO MADERO";"25";"904"
"PLAZA HOUSSAY";"PARQUE LEZAMA";"36";"886"
"VIRREY CEVALLOS";"INDEPENDENCIA";"25";"886"
"PLAZA ALMAGRO";"SUIPACHA";"30";"880"
"PLAZA VICENTE LOPEZ";"VIRREY CEVALLOS";"22";"879"
"PZA. ROMA";"ARENALES";"24";"874"
"TRIBUNALES";"UCA PUERTO MADERO";"24";"868"
"PZA. ROMA";"ONCE";"36";"866"
"PLAZA VICENTE LOPEZ";"PLAZA ALMAGRO";"31";"864"
"ONCE";"PZA. ROMA";"30";"863"
"PLAZA VICENTE LOPEZ";"ADUANA";"27";"863"
"SUIPACHA";"UCA PUERTO MADERO";"25";"859"
"DERECHO";"EMMA DE LA BARRA";"31";"858"
"PLAZA GÜEMES";"ONCE";"27";"856"
"VIRREY CEVALLOS";"TRIBUNALES";"24";"856"
"DERECHO";"CONGRESO";"28";"856"
"PZA. DE MAYO";"PLAZA ALMAGRO";"32";"855"
"PLAZA BOEDO";"PLAZA BOEDO";"38";"852"
"TRIBUNALES";"ALSINA ";"23";"849"
"ARENALES";"ALSINA ";"21";"848"
"TRIBUNALES";"ARENALES";"18";"845"
"PLAZA ALMAGRO";"ALSINA ";"28";"843"
"DERECHO";"ONCE";"30";"841"
"PZA. ROMA";"ALSINA ";"33";"840"
"RETIRO";"ONCE";"36";"839"
"PLAZA ITALIA";"PZA. ROMA";"36";"838"
"UCA PUERTO MADERO";"PLAZA ITALIA";"46";"836"
"PZA. SAN MARTIN";"ADUANA";"29";"835"
"PZA. SAN MARTIN";"ARENALES";"19";"832"
"ADUANA";"PLAZA HOUSSAY";"28";"827"
"CONGRESO";"PZA. SAN MARTIN";"24";"826"
"PARQUE LAS HERAS";"PZA. DE MAYO";"32";"825"
"ARENALES";"INDEPENDENCIA";"23";"824"
"MONTEVIDEO";"PZA. DE MAYO";"21";"823"
"PZA. SAN MARTIN";"ONCE";"30";"822"
"CONGRESO";"PACIFICO";"42";"822"
"RETIRO";"PLAZA ALMAGRO";"37";"820"
"INDEPENDENCIA";"PZA. SAN MARTIN";"24";"817"
"MONTEVIDEO";"PLAZA HOUSSAY";"18";"817"
"PLAZA ALMAGRO";"PZA. ROMA";"32";"816"
"EMMA DE LA BARRA";"PACIFICO";"40";"816"
"PLAZA ALMAGRO";"PARQUE PATRICIOS ";"32";"814"
"DERECHO";"ADUANA";"32";"811"
"DISTRITO AUDIOVISUAL";"PLAZA ALMAGRO";"31";"809"
"MONTEVIDEO";"SUIPACHA";"20";"807"
"PLAZA ALMAGRO";"VIRREY CEVALLOS";"32";"802"
"RETIRO";"ALSINA ";"26";"800"
"SUIPACHA";"PLAZA ALMAGRO";"31";"798"
"PARQUE PATRICIOS ";"PLAZA ALMAGRO";"32";"798"
"EMMA DE LA BARRA";"INDEPENDENCIA";"26";"797"
"DISTRITO AUDIOVISUAL";"PARQUE LAS HERAS";"31";"793"
"PARQUE LEZAMA";"INDEPENDENCIA";"31";"792"
"EMMA DE LA BARRA";"ADUANA";"29";"790"
"INDEPENDENCIA";"PARQUE PATRICIOS ";"31";"789"
"PARQUE LEZAMA";"EMMA DE LA BARRA";"35";"784"
"UCA PUERTO MADERO";"PLAZA ALMAGRO";"37";"784"
"OBELISCO";"DERECHO";"30";"782"
"PARQUE LEZAMA";"ONCE";"36";"780"
"ARENALES";"EMMA DE LA BARRA";"24";"777"
"ALSINA ";"PARQUE LEZAMA";"27";"776"
"ONCE";"ADUANA";"30";"775"
"PARQUE CENTENARIO";"PLAZA ALMAGRO";"21";"775"
"PZA. SAN MARTIN";"ALSINA ";"22";"775"
"PLAZA ITALIA";"PLAZA HOUSSAY";"34";"774"
"PZA. ROMA";"PLAZA ALMAGRO";"35";"771"
"PLAZA HOUSSAY";"ARENALES";"19";"771"
"PARQUE LAS HERAS";"UCA PUERTO MADERO";"39";"770"
"PZA. DE MAYO";"ARENALES";"27";"768"
"PARQUE LEZAMA";"DERECHO";"36";"765"
"PLAZA GÜEMES";"CONGRESO";"33";"765"
"PARQUE PATRICIOS ";"ONCE";"29";"761"
"ARENALES";"ONCE";"27";"757"
"RETIRO";"VIRREY CEVALLOS";"30";"756"
"DERECHO";"ARENALES";"21";"747"
"ADUANA";"PLAZA ALMAGRO";"33";"742"
"PLAZA HOUSSAY";"UCA PUERTO MADERO";"31";"740"
"DERECHO";"SUIPACHA";"26";"738"
"PLAZA VICENTE LOPEZ";"EMMA DE LA BARRA";"29";"735"
"UCA PUERTO MADERO";"SUIPACHA";"29";"733"
"INDEPENDENCIA";"PARQUE LAS HERAS";"39";"730"
"PLAZA ALMAGRO";"OBELISCO";"28";"728"
"RETIRO";"ARENALES";"18";"728"
"PZA. SAN MARTIN";"PACIFICO";"34";"726"
"RETIRO";"DISTRITO AUDIOVISUAL";"40";"726"
"TRIBUNALES";"PARQUE LEZAMA";"31";"725"
"VIRREY CEVALLOS";"UCA PUERTO MADERO";"24";"723"
"ONCE";"PACIFICO";"40";"721"
"INDEPENDENCIA";"ARENALES";"22";"717"
"MONTEVIDEO";"ONCE";"25";"716"
"ALSINA ";"ARENALES";"20";"714"
"ALSINA ";"PLAZA ALMAGRO";"30";"713"
"ARENALES";"PLAZA ITALIA";"36";"710"
"UCA PUERTO MADERO";"VIRREY CEVALLOS";"22";"709"
"RETIRO";"PLAZA EMILIO MITRE";"17";"708"
"ADUANA";"PZA. SAN MARTIN";"28";"708"
"PLAZA GÜEMES";"PZA. DE MAYO";"36";"703"
"PLAZA HOUSSAY";"PARQUE CENTENARIO";"29";"700"
"ONCE";"PARQUE LEZAMA";"33";"695"
"ONCE";"PZA. SAN MARTIN";"28";"695"
"ONCE";"PARQUE PATRICIOS ";"33";"693"
"UCA PUERTO MADERO";"ONCE";"33";"690"
"PARQUE LEZAMA";"OBELISCO";"29";"690"
"OBELISCO";"MONTEVIDEO";"23";"686"
"TRIBUNALES";"EMMA DE LA BARRA";"23";"686"
"PLAZA ALMAGRO";"DISTRITO AUDIOVISUAL";"34";"685"
"ALSINA ";"UCA PUERTO MADERO";"27";"684"
"ADUANA";"ONCE";"33";"684"
"PLAZA VICENTE LOPEZ";"PARQUE LEZAMA";"33";"682"
"PZA. SAN MARTIN";"PLAZA ITALIA";"36";"671"
"PARQUE LEZAMA";"PLAZA HOUSSAY";"36";"671"
"MONTEVIDEO";"VIRREY CEVALLOS";"19";"663"
"PLAZA GÜEMES";"DISTRITO AUDIOVISUAL";"24";"661"
"CONGRESO";"PLAZA BOEDO";"24";"659"
"PACIFICO";"ONCE";"40";"656"
"ONCE";"PLAZA VICENTE LOPEZ";"29";"656"
"VIRREY CEVALLOS";"PARQUE PATRICIOS ";"30";"655"
"PZA. DE MAYO";"PARQUE LAS HERAS";"36";"653"
"SUIPACHA";"PARQUE LEZAMA";"30";"646"
"SUIPACHA";"VIRREY CEVALLOS";"29";"644"
"ADUANA";"PACIFICO";"47";"643"
"PZA. DE MAYO";"DERECHO";"30";"638"
"PZA. DE MAYO";"MONTEVIDEO";"26";"631"
"ONCE";"ARENALES";"32";"631"
"ONCE";"MONTEVIDEO";"21";"629"
"PARQUE LAS HERAS";"DISTRITO AUDIOVISUAL";"37";"629"
"PARQUE LAS HERAS";"PARQUE CENTENARIO";"31";"628"
"DERECHO";"PZA. SAN MARTIN";"19";"628"
"DERECHO";"PARQUE LEZAMA";"37";"624"
"SUIPACHA";"MONTEVIDEO";"22";"622"
"OBELISCO";"PLAZA GÜEMES";"34";"618"
"TRIBUNALES";"PACIFICO";"38";"614"
"ARENALES";"PLAZA EMILIO MITRE";"15";"614"
"PLAZA GÜEMES";"ARENALES";"25";"611"
"ALSINA ";"PLAZA VICENTE LOPEZ";"24";"611"
"EMMA DE LA BARRA";"PLAZA VICENTE LOPEZ";"24";"605"
"RETIRO";"PZA. SAN MARTIN";"29";"602"
"MONTEVIDEO";"OBELISCO";"26";"598"
"PLAZA HOUSSAY";"ALSINA ";"24";"595"
"PLAZA GÜEMES";"TRIBUNALES";"27";"593"
"PARQUE PATRICIOS ";"CONGRESO";"32";"592"
"CONGRESO";"ARENALES";"22";"590"
"PARQUE LEZAMA";"SUIPACHA";"30";"587"
"ALSINA ";"PZA. SAN MARTIN";"24";"586"
"PLAZA HOUSSAY";"DISTRITO AUDIOVISUAL";"36";"584"
"SUIPACHA";"PACIFICO";"41";"583"
"PARQUE LAS HERAS";"OBELISCO";"30";"579"
"PARQUE CENTENARIO";"PARQUE LAS HERAS";"31";"576"
"SUIPACHA";"PLAZA GÜEMES";"33";"574"
"CONGRESO";"PLAZA ITALIA";"47";"574"
"INDEPENDENCIA";"PLAZA BOEDO";"27";"572"
"MONTEVIDEO";"PZA. ROMA";"27";"569"
"MONTEVIDEO";"PARQUE LAS HERAS";"23";"569"
"PLAZA ALMAGRO";"PLAZA VICENTE LOPEZ";"30";"562"
"PLAZA ITALIA";"UCA PUERTO MADERO";"43";"555"
"DISTRITO AUDIOVISUAL";"SUIPACHA";"40";"555"
"PLAZA ALMAGRO";"ADUANA";"34";"554"
"PARQUE LEZAMA";"VIRREY CEVALLOS";"28";"553"
"EMMA DE LA BARRA";"PLAZA ITALIA";"39";"550"
"ALSINA ";"PARQUE LAS HERAS";"34";"549"
"ONCE";"DERECHO";"30";"549"
"PARQUE CENTENARIO";"PZA. DE MAYO";"34";"545"
"PLAZA GÜEMES";"INDEPENDENCIA";"39";"543"
"PLAZA ITALIA";"ONCE";"40";"543"
"PLAZA HOUSSAY";"PARQUE PATRICIOS ";"42";"542"
"EMMA DE LA BARRA";"PZA. SAN MARTIN";"21";"541"
"OBELISCO";"EMMA DE LA BARRA";"30";"539"
"PLAZA EMILIO MITRE";"SUIPACHA";"20";"536"
"DISTRITO AUDIOVISUAL";"PLAZA GÜEMES";"24";"536"
"PARQUE LAS HERAS";"PLAZA EMILIO MITRE";"15";"535"
"MONTEVIDEO";"DERECHO";"22";"534"
"INDEPENDENCIA";"DERECHO";"36";"529"
"PLAZA EMILIO MITRE";"PARQUE LAS HERAS";"18";"528"
"UCA PUERTO MADERO";"ARENALES";"28";"527"
"ALSINA ";"VIRREY CEVALLOS";"26";"527"
"PLAZA VICENTE LOPEZ";"ALSINA ";"26";"527"
"PLAZA ALMAGRO";"UCA PUERTO MADERO";"35";"526"
"VIRREY CEVALLOS";"PLAZA ALMAGRO";"33";"526"
"PACIFICO";"CONGRESO";"42";"526"
"PLAZA EMILIO MITRE";"PACIFICO";"33";"520"
"PZA. ROMA";"VIRREY CEVALLOS";"30";"518"
"PLAZA VICENTE LOPEZ";"PLAZA EMILIO MITRE";"15";"515"
"EMMA DE LA BARRA";"TRIBUNALES";"20";"512"
"ALSINA ";"DERECHO";"31";"511"
"PARQUE LAS HERAS";"PARQUE LEZAMA";"43";"509"
"ONCE";"PARQUE CENTENARIO";"25";"509"
"PLAZA GÜEMES";"PZA. SAN MARTIN";"26";"509"
"MONTEVIDEO";"PLAZA GÜEMES";"24";"508"
"CONGRESO";"PARQUE CENTENARIO";"31";"508"
"VIRREY CEVALLOS";"PLAZA VICENTE LOPEZ";"23";"508"
"PLAZA EMILIO MITRE";"DERECHO";"29";"507"
"PLAZA ITALIA";"DISTRITO AUDIOVISUAL";"31";"507"
"MONTEVIDEO";"RETIRO";"19";"504"
"DERECHO";"PZA. DE MAYO";"34";"501"
"PARQUE LAS HERAS";"ADUANA";"36";"501"
"PLAZA EMILIO MITRE";"RETIRO";"19";"497"
"MONTEVIDEO";"INDEPENDENCIA";"23";"497"
"PLAZA ITALIA";"CONGRESO";"45";"496"
"ONCE";"PLAZA ITALIA";"39";"494"
"DERECHO";"DISTRITO AUDIOVISUAL";"38";"493"
"PLAZA ITALIA";"SUIPACHA";"33";"493"
"OBELISCO";"PACIFICO";"43";"492"
"PARQUE LAS HERAS";"PARQUE PATRICIOS ";"42";"491"
"EMMA DE LA BARRA";"CONGRESO";"31";"490"
"VIRREY CEVALLOS";"ALSINA ";"21";"487"
"INDEPENDENCIA";"PLAZA GÜEMES";"39";"486"
"VIRREY CEVALLOS";"MONTEVIDEO";"21";"486"
"PLAZA EMILIO MITRE";"ARENALES";"15";"486"
"VIRREY CEVALLOS";"SUIPACHA";"26";"485"
"OBELISCO";"PARQUE CENTENARIO";"32";"481"
"MONTEVIDEO";"TRIBUNALES";"22";"481"
"PLAZA ALMAGRO";"PARQUE LEZAMA";"38";"481"
"MONTEVIDEO";"PLAZA ALMAGRO";"28";"479"
"PARQUE CENTENARIO";"CONGRESO";"33";"479"
"DISTRITO AUDIOVISUAL";"PLAZA ITALIA";"32";"478"
"PZA. SAN MARTIN";"PLAZA GÜEMES";"31";"478"
"PARQUE LEZAMA";"PLAZA ALMAGRO";"42";"476"
"ONCE";"UCA PUERTO MADERO";"35";"475"
"PACIFICO";"TRIBUNALES";"39";"475"
"PARQUE LEZAMA";"TRIBUNALES";"32";"470"
"PLAZA ITALIA";"ARENALES";"32";"470"
"UCA PUERTO MADERO";"PLAZA EMILIO MITRE";"35";"469"
"PARQUE LAS HERAS";"EMMA DE LA BARRA";"37";"469"
"TRIBUNALES";"PLAZA ITALIA";"40";"469"
"INDEPENDENCIA";"EMMA DE LA BARRA";"36";"468"
"ARENALES";"ADUANA";"25";"467"
"PARQUE CENTENARIO";"PLAZA HOUSSAY";"29";"464"
"PZA. DE MAYO";"PARQUE PATRICIOS ";"40";"463"
"OBELISCO";"PARQUE PATRICIOS ";"40";"459"
"PARQUE PATRICIOS ";"VIRREY CEVALLOS";"34";"459"
"PLAZA EMILIO MITRE";"PLAZA VICENTE LOPEZ";"15";"459"
"TRIBUNALES";"MONTEVIDEO";"23";"458"
"DISTRITO AUDIOVISUAL";"PLAZA HOUSSAY";"31";"454"
"PLAZA ALMAGRO";"PZA. SAN MARTIN";"30";"454"
"INDEPENDENCIA";"MONTEVIDEO";"23";"453"
"ARENALES";"MONTEVIDEO";"16";"451"
"INDEPENDENCIA";"PACIFICO";"49";"447"
"MONTEVIDEO";"PLAZA VICENTE LOPEZ";"18";"446"
"PZA. SAN MARTIN";"PARQUE LEZAMA";"32";"441"
"PACIFICO";"PLAZA EMILIO MITRE";"30";"440"
"UCA PUERTO MADERO";"PLAZA GÜEMES";"45";"440"
"PLAZA HOUSSAY";"MONTEVIDEO";"21";"440"
"MONTEVIDEO";"ARENALES";"17";"437"
"PLAZA ALMAGRO";"PLAZA BOEDO";"21";"437"
"PLAZA EMILIO MITRE";"UCA PUERTO MADERO";"33";"435"
"PACIFICO";"SUIPACHA";"39";"433"
"PLAZA HOUSSAY";"ADUANA";"33";"433"
"VIRREY CEVALLOS";"PZA. ROMA";"31";"433"
"UCA PUERTO MADERO";"ALSINA ";"32";"432"
"RETIRO";"MONTEVIDEO";"23";"431"
"PARQUE LEZAMA";"PACIFICO";"52";"426"
"EMMA DE LA BARRA";"PLAZA HOUSSAY";"26";"423"
"ARENALES";"PLAZA ALMAGRO";"33";"421"
"VIRREY CEVALLOS";"PARQUE LAS HERAS";"35";"420"
"SUIPACHA";"PLAZA EMILIO MITRE";"21";"420"
"PLAZA BOEDO";"CONGRESO";"23";"420"
"VIRREY CEVALLOS";"ADUANA";"23";"416"
"PACIFICO";"PZA. DE MAYO";"46";"415"
"VIRREY CEVALLOS";"EMMA DE LA BARRA";"31";"414"
"ONCE";"RETIRO";"38";"412"
"DERECHO";"OBELISCO";"32";"412"
"PLAZA VICENTE LOPEZ";"MONTEVIDEO";"17";"411"
"PARQUE CENTENARIO";"ONCE";"28";"411"
"DERECHO";"INDEPENDENCIA";"35";"411"
"UCA PUERTO MADERO";"PZA. SAN MARTIN";"26";"408"
"PARQUE PATRICIOS ";"PLAZA GÜEMES";"33";"407"
"PZA. DE MAYO";"PACIFICO";"47";"406"
"PZA. DE MAYO";"PLAZA GÜEMES";"39";"405"
"PACIFICO";"PARQUE CENTENARIO";"32";"404"
"CONGRESO";"EMMA DE LA BARRA";"41";"403"
"ALSINA ";"EMMA DE LA BARRA";"29";"396"
"ARENALES";"VIRREY CEVALLOS";"27";"396"
"PZA. ROMA";"MONTEVIDEO";"27";"392"
"PZA. SAN MARTIN";"PLAZA ALMAGRO";"34";"391"
"ARENALES";"PARQUE LEZAMA";"33";"391"
"PLAZA EMILIO MITRE";"PLAZA HOUSSAY";"16";"388"
"PARQUE LAS HERAS";"MONTEVIDEO";"23";"388"
"PARQUE CENTENARIO";"PLAZA ITALIA";"42";"385"
"ADUANA";"ARENALES";"25";"380"
"PACIFICO";"PZA. SAN MARTIN";"34";"379"
"PLAZA GÜEMES";"PLAZA EMILIO MITRE";"19";"379"
"DERECHO";"PLAZA EMILIO MITRE";"24";"377"
"TRIBUNALES";"PARQUE CENTENARIO";"30";"374"
"PLAZA GÜEMES";"PARQUE CENTENARIO";"27";"369"
"PARQUE LEZAMA";"PZA. SAN MARTIN";"29";"365"
"DISTRITO AUDIOVISUAL";"DERECHO";"40";"365"
"PLAZA GÜEMES";"UCA PUERTO MADERO";"41";"363"
"PACIFICO";"PARQUE PATRICIOS ";"48";"360"
"PARQUE LAS HERAS";"VIRREY CEVALLOS";"40";"359"
"PLAZA EMILIO MITRE";"PZA. ROMA";"27";"359"
"PLAZA HOUSSAY";"PLAZA EMILIO MITRE";"15";"359"
"PLAZA EMILIO MITRE";"PLAZA ITALIA";"31";"357"
"PLAZA BOEDO";"PLAZA ALMAGRO";"21";"355"
"PARQUE LAS HERAS";"PLAZA BOEDO";"29";"354"
"PARQUE CENTENARIO";"ALSINA ";"33";"350"
"PLAZA HOUSSAY";"PLAZA BOEDO";"29";"348"
"PARQUE LEZAMA";"ALSINA ";"30";"348"
"MONTEVIDEO";"ADUANA";"25";"347"
"PZA. ROMA";"PARQUE CENTENARIO";"40";"347"
"PLAZA ITALIA";"PLAZA EMILIO MITRE";"29";"345"
"SUIPACHA";"PLAZA ITALIA";"43";"342"
"INDEPENDENCIA";"PARQUE CENTENARIO";"36";"341"
"MONTEVIDEO";"ALSINA ";"22";"340"
"VIRREY CEVALLOS";"RETIRO";"32";"340"
"ADUANA";"PLAZA ITALIA";"47";"338"
"ALSINA ";"PLAZA GÜEMES";"35";"335"
"PLAZA BOEDO";"PZA. DE MAYO";"26";"335"
"OBELISCO";"PLAZA ITALIA";"47";"335"
"PARQUE CENTENARIO";"PACIFICO";"36";"335"
"PACIFICO";"ADUANA";"47";"332"
"PLAZA HOUSSAY";"EMMA DE LA BARRA";"34";"330"
"MONTEVIDEO";"PLAZA EMILIO MITRE";"18";"330"
"SUIPACHA";"DISTRITO AUDIOVISUAL";"48";"329"
"PZA. DE MAYO";"PARQUE CENTENARIO";"37";"328"
"EMMA DE LA BARRA";"PLAZA GÜEMES";"39";"328"
"PLAZA GÜEMES";"PARQUE PATRICIOS ";"38";"326"
"PZA. SAN MARTIN";"VIRREY CEVALLOS";"31";"325"
"PLAZA ITALIA";"PARQUE CENTENARIO";"35";"325"
"PLAZA GÜEMES";"OBELISCO";"38";"324"
"PARQUE PATRICIOS ";"PARQUE LAS HERAS";"40";"324"
"MONTEVIDEO";"PZA. SAN MARTIN";"20";"324"
"PLAZA EMILIO MITRE";"PLAZA GÜEMES";"20";"322"
"PLAZA EMILIO MITRE";"PZA. DE MAYO";"28";"318"
"ALSINA ";"PARQUE CENTENARIO";"33";"318"
"DERECHO";"MONTEVIDEO";"22";"317"
"ONCE";"PLAZA BOEDO";"24";"316"
"PZA. DE MAYO";"PLAZA ITALIA";"47";"312"
"PARQUE LEZAMA";"PARQUE LAS HERAS";"48";"311"
"MONTEVIDEO";"PACIFICO";"38";"310"
"PLAZA ALMAGRO";"RETIRO";"38";"309"
"PLAZA ITALIA";"ALSINA ";"42";"309"
"VIRREY CEVALLOS";"PLAZA BOEDO";"22";"308"
"PLAZA ITALIA";"TRIBUNALES";"36";"308"
"PLAZA ITALIA";"PZA. DE MAYO";"44";"305"
"ALSINA ";"PACIFICO";"44";"305"
"ALSINA ";"MONTEVIDEO";"25";"303"
"PLAZA VICENTE LOPEZ";"DISTRITO AUDIOVISUAL";"43";"302"
"PLAZA ITALIA";"PZA. SAN MARTIN";"33";"302"
"PARQUE PATRICIOS ";"PZA. DE MAYO";"34";"301"
"PARQUE PATRICIOS ";"PARQUE LEZAMA";"38";"300"
"PZA. SAN MARTIN";"MONTEVIDEO";"19";"300"
"PACIFICO";"EMMA DE LA BARRA";"42";"297"
"TRIBUNALES";"PARQUE PATRICIOS ";"39";"295"
"PZA. ROMA";"PLAZA EMILIO MITRE";"26";"294"
"PARQUE LEZAMA";"PARQUE PATRICIOS ";"35";"293"
"ADUANA";"PLAZA GÜEMES";"43";"292"
"PARQUE CENTENARIO";"PLAZA GÜEMES";"32";"292"
"PARQUE PATRICIOS ";"PACIFICO";"44";"290"
"PACIFICO";"VIRREY CEVALLOS";"47";"290"
"PZA. DE MAYO";"PLAZA BOEDO";"29";"285"
"SUIPACHA";"PARQUE CENTENARIO";"34";"284"
"INDEPENDENCIA";"PLAZA ITALIA";"49";"281"
"PLAZA ITALIA";"ADUANA";"47";"279"
"ADUANA";"VIRREY CEVALLOS";"31";"278"
"PLAZA GÜEMES";"ALSINA ";"36";"278"
"PZA. SAN MARTIN";"DISTRITO AUDIOVISUAL";"42";"275"
"DISTRITO AUDIOVISUAL";"ONCE";"43";"275"
"PLAZA BOEDO";"PARQUE LAS HERAS";"27";"275"
"TRIBUNALES";"PLAZA EMILIO MITRE";"22";"274"
"PACIFICO";"PARQUE LEZAMA";"51";"274"
"PLAZA BOEDO";"PARQUE PATRICIOS ";"30";"271"
"VIRREY CEVALLOS";"PZA. SAN MARTIN";"28";"270"
"PARQUE LAS HERAS";"ALSINA ";"33";"270"
"PARQUE LEZAMA";"PLAZA VICENTE LOPEZ";"37";"270"
"PACIFICO";"ARENALES";"38";"267"
"PLAZA BOEDO";"VIRREY CEVALLOS";"29";"266"
"PLAZA BOEDO";"ONCE";"24";"260"
"EMMA DE LA BARRA";"ONCE";"37";"259"
"PLAZA EMILIO MITRE";"PZA. SAN MARTIN";"18";"259"
"ALSINA ";"PLAZA ITALIA";"44";"256"
"PACIFICO";"UCA PUERTO MADERO";"48";"254"
"PZA. SAN MARTIN";"PLAZA EMILIO MITRE";"20";"253"
"OBELISCO";"PLAZA BOEDO";"29";"250"
"PLAZA GÜEMES";"VIRREY CEVALLOS";"41";"247"
"ADUANA";"MONTEVIDEO";"30";"243"
"ARENALES";"DISTRITO AUDIOVISUAL";"43";"241"
"CONGRESO";"DISTRITO AUDIOVISUAL";"45";"240"
"PZA. ROMA";"DISTRITO AUDIOVISUAL";"50";"240"
"PLAZA EMILIO MITRE";"MONTEVIDEO";"22";"238"
"CONGRESO";"PLAZA EMILIO MITRE";"24";"237"
"PLAZA ITALIA";"INDEPENDENCIA";"43";"236"
"PARQUE PATRICIOS ";"PLAZA HOUSSAY";"36";"235"
"MONTEVIDEO";"PARQUE CENTENARIO";"31";"233"
"MONTEVIDEO";"PLAZA ITALIA";"38";"232"
"PACIFICO";"OBELISCO";"47";"232"
"UCA PUERTO MADERO";"PARQUE PATRICIOS ";"37";"225"
"PLAZA EMILIO MITRE";"ONCE";"26";"224"
"PLAZA GÜEMES";"EMMA DE LA BARRA";"38";"224"
"MONTEVIDEO";"PARQUE LEZAMA";"34";"223"
"PZA. ROMA";"PLAZA BOEDO";"36";"223"
"DISTRITO AUDIOVISUAL";"PLAZA VICENTE LOPEZ";"40";"222"
"PARQUE LEZAMA";"ARENALES";"33";"216"
"DISTRITO AUDIOVISUAL";"PARQUE CENTENARIO";"32";"215"
"ARENALES";"PARQUE PATRICIOS ";"42";"214"
"MONTEVIDEO";"PLAZA BOEDO";"28";"213"
"PLAZA VICENTE LOPEZ";"PARQUE PATRICIOS ";"41";"213"
"PLAZA GÜEMES";"MONTEVIDEO";"27";"213"
"PLAZA BOEDO";"INDEPENDENCIA";"25";"211"
"TRIBUNALES";"PLAZA BOEDO";"30";"211"
"TRIBUNALES";"DISTRITO AUDIOVISUAL";"45";"209"
"RETIRO";"PARQUE PATRICIOS ";"48";"207"
"PARQUE LEZAMA";"PLAZA BOEDO";"33";"207"
"SUIPACHA";"PARQUE PATRICIOS ";"44";"206"
"DERECHO";"PARQUE CENTENARIO";"38";"205"
"PACIFICO";"PLAZA BOEDO";"39";"205"
"MONTEVIDEO";"UCA PUERTO MADERO";"30";"204"
"PARQUE LEZAMA";"PLAZA GÜEMES";"48";"203"
"PACIFICO";"INDEPENDENCIA";"48";"203"
"PLAZA EMILIO MITRE";"PLAZA ALMAGRO";"28";"202"
"PLAZA BOEDO";"SUIPACHA";"33";"201"
"PARQUE LEZAMA";"PLAZA ITALIA";"52";"196"
"PLAZA ALMAGRO";"MONTEVIDEO";"26";"196"
"OBELISCO";"DISTRITO AUDIOVISUAL";"48";"196"
"PLAZA BOEDO";"PLAZA GÜEMES";"27";"194"
"RETIRO";"PARQUE CENTENARIO";"45";"194"
"PLAZA BOEDO";"PARQUE CENTENARIO";"30";"194"
"OBELISCO";"PLAZA EMILIO MITRE";"28";"193"
"PLAZA GÜEMES";"PARQUE LEZAMA";"51";"193"
"EMMA DE LA BARRA";"ARENALES";"24";"193"
"DISTRITO AUDIOVISUAL";"CONGRESO";"45";"192"
"VIRREY CEVALLOS";"ARENALES";"28";"191"
"EMMA DE LA BARRA";"ALSINA ";"30";"191"
"PLAZA EMILIO MITRE";"CONGRESO";"22";"186"
"VIRREY CEVALLOS";"DERECHO";"36";"186"
"PARQUE CENTENARIO";"SUIPACHA";"38";"184"
"UCA PUERTO MADERO";"PARQUE CENTENARIO";"45";"184"
"ONCE";"DISTRITO AUDIOVISUAL";"39";"183"
"DERECHO";"ALSINA ";"35";"182"
"PARQUE PATRICIOS ";"UCA PUERTO MADERO";"36";"182"
"PARQUE PATRICIOS ";"PLAZA BOEDO";"29";"181"
"PLAZA EMILIO MITRE";"TRIBUNALES";"21";"180"
"PLAZA ALMAGRO";"ARENALES";"34";"179"
"UCA PUERTO MADERO";"PLAZA BOEDO";"28";"179"
"PARQUE CENTENARIO";"PLAZA BOEDO";"33";"179"
"PLAZA ALMAGRO";"PLAZA EMILIO MITRE";"26";"177"
"EMMA DE LA BARRA";"PLAZA ALMAGRO";"39";"177"
"UCA PUERTO MADERO";"MONTEVIDEO";"29";"177"
"ALSINA ";"PLAZA BOEDO";"29";"175"
"PLAZA BOEDO";"PACIFICO";"33";"174"
"PACIFICO";"MONTEVIDEO";"37";"174"
"ADUANA";"PLAZA EMILIO MITRE";"34";"174"
"ALSINA ";"PARQUE PATRICIOS ";"38";"172"
"VIRREY CEVALLOS";"PLAZA GÜEMES";"39";"172"
"PARQUE PATRICIOS ";"INDEPENDENCIA";"32";"171"
"PLAZA BOEDO";"TRIBUNALES";"30";"171"
"DERECHO";"VIRREY CEVALLOS";"38";"171"
"PLAZA ITALIA";"OBELISCO";"45";"170"
"VIRREY CEVALLOS";"PARQUE CENTENARIO";"33";"170"
"PLAZA GÜEMES";"PLAZA BOEDO";"31";"170"
"EMMA DE LA BARRA";"VIRREY CEVALLOS";"37";"168"
"VIRREY CEVALLOS";"PACIFICO";"47";"168"
"PLAZA BOEDO";"OBELISCO";"28";"168"
"UCA PUERTO MADERO";"CMD";"32";"167"
"INDEPENDENCIA";"DISTRITO AUDIOVISUAL";"51";"164"
"PLAZA BOEDO";"PZA. ROMA";"36";"164"
"DISTRITO AUDIOVISUAL";"RETIRO";"41";"163"
"PLAZA BOEDO";"ALSINA ";"35";"163"
"PLAZA VICENTE LOPEZ";"PARQUE CENTENARIO";"39";"162"
"ADUANA";"PARQUE PATRICIOS ";"40";"162"
"ONCE";"EMMA DE LA BARRA";"39";"160"
"ALSINA ";"DISTRITO AUDIOVISUAL";"47";"158"
"DERECHO";"PARQUE PATRICIOS ";"52";"156"
"EMMA DE LA BARRA";"PARQUE CENTENARIO";"42";"156"
"PLAZA ITALIA";"EMMA DE LA BARRA";"43";"154"
"PLAZA GÜEMES";"ADUANA";"40";"154"
"PARQUE CENTENARIO";"DISTRITO AUDIOVISUAL";"37";"153"
"PLAZA ITALIA";"PARQUE LEZAMA";"53";"152"
"PARQUE CENTENARIO";"PARQUE PATRICIOS ";"38";"147"
"PLAZA ITALIA";"VIRREY CEVALLOS";"41";"146"
"CMD";"CMD";"47";"145"
"PARQUE CENTENARIO";"OBELISCO";"36";"145"
"ADUANA";"PARQUE CENTENARIO";"40";"144"
"PARQUE PATRICIOS ";"ALSINA ";"35";"143"
"PARQUE LEZAMA";"CMD";"48";"143"
"MONTEVIDEO";"PARQUE PATRICIOS ";"39";"142"
"EMMA DE LA BARRA";"PLAZA EMILIO MITRE";"29";"142"
"ARENALES";"PARQUE CENTENARIO";"39";"139"
"PARQUE PATRICIOS ";"OBELISCO";"40";"138"
"PLAZA EMILIO MITRE";"ALSINA ";"27";"137"
"ONCE";"PLAZA EMILIO MITRE";"22";"137"
"PLAZA EMILIO MITRE";"DISTRITO AUDIOVISUAL";"37";"136"
"PLAZA BOEDO";"UCA PUERTO MADERO";"32";"135"
"PACIFICO";"ALSINA ";"47";"135"
"VIRREY CEVALLOS";"DISTRITO AUDIOVISUAL";"43";"134"
"PARQUE CENTENARIO";"DERECHO";"39";"132"
"CMD";"PARQUE LEZAMA";"37";"132"
"PLAZA EMILIO MITRE";"PARQUE CENTENARIO";"38";"131"
"DISTRITO AUDIOVISUAL";"PZA. DE MAYO";"49";"130"
"MONTEVIDEO";"DISTRITO AUDIOVISUAL";"39";"128"
"PLAZA ITALIA";"PARQUE PATRICIOS ";"47";"127"
"PLAZA EMILIO MITRE";"EMMA DE LA BARRA";"29";"127"
"PLAZA ITALIA";"PLAZA BOEDO";"43";"123"
"SUIPACHA";"PLAZA BOEDO";"33";"123"
"PZA. ROMA";"PARQUE PATRICIOS ";"46";"122"
"PARQUE CENTENARIO";"PZA. ROMA";"46";"121"
"DISTRITO AUDIOVISUAL";"ARENALES";"41";"119"
"PARQUE CENTENARIO";"VIRREY CEVALLOS";"36";"119"
"EMMA DE LA BARRA";"MONTEVIDEO";"29";"118"
"PLAZA BOEDO";"PLAZA HOUSSAY";"28";"118"
"PLAZA EMILIO MITRE";"OBELISCO";"29";"118"
"DISTRITO AUDIOVISUAL";"PZA. ROMA";"45";"118"
"VIRREY CEVALLOS";"PLAZA ITALIA";"45";"117"
"ALSINA ";"PLAZA EMILIO MITRE";"28";"114"
"PARQUE PATRICIOS ";"PLAZA ITALIA";"45";"112"
"PLAZA ITALIA";"MONTEVIDEO";"32";"112"
"PLAZA VICENTE LOPEZ";"PLAZA BOEDO";"32";"110"
"PARQUE CENTENARIO";"ADUANA";"42";"109"
"PARQUE LEZAMA";"PARQUE CENTENARIO";"46";"108"
"PLAZA EMILIO MITRE";"ADUANA";"31";"107"
"PLAZA EMILIO MITRE";"INDEPENDENCIA";"30";"106"
"PARQUE PATRICIOS ";"TRIBUNALES";"39";"106"
"PARQUE PATRICIOS ";"ADUANA";"40";"106"
"PLAZA BOEDO";"ADUANA";"36";"106"
"PZA. SAN MARTIN";"PARQUE CENTENARIO";"38";"104"
"PZA. SAN MARTIN";"PARQUE PATRICIOS ";"47";"104"
"DISTRITO AUDIOVISUAL";"VIRREY CEVALLOS";"43";"102"
"PARQUE CENTENARIO";"TRIBUNALES";"36";"102"
"PLAZA VICENTE LOPEZ";"CMD";"43";"102"
"PLAZA BOEDO";"PLAZA ITALIA";"40";"101"
"RETIRO";"PLAZA BOEDO";"38";"100"
"PLAZA ALMAGRO";"EMMA DE LA BARRA";"48";"100"
"PARQUE CENTENARIO";"MONTEVIDEO";"37";"100"
"PARQUE PATRICIOS ";"SUIPACHA";"42";"99"
"PARQUE CENTENARIO";"PLAZA VICENTE LOPEZ";"39";"98"
"ADUANA";"PLAZA BOEDO";"35";"98"
"DISTRITO AUDIOVISUAL";"INDEPENDENCIA";"61";"96"
"PARQUE CENTENARIO";"INDEPENDENCIA";"39";"95"
"PZA. DE MAYO";"DISTRITO AUDIOVISUAL";"53";"95"
"PARQUE PATRICIOS ";"PARQUE CENTENARIO";"39";"94"
"PLAZA BOEDO";"MONTEVIDEO";"32";"94"
"PZA. DE MAYO";"PLAZA EMILIO MITRE";"37";"94"
"PARQUE CENTENARIO";"PZA. SAN MARTIN";"38";"93"
"DERECHO";"PLAZA BOEDO";"41";"90"
"EMMA DE LA BARRA";"PLAZA BOEDO";"41";"90"
"PARQUE PATRICIOS ";"MONTEVIDEO";"47";"89"
"PARQUE CENTENARIO";"PLAZA EMILIO MITRE";"35";"89"
"UCA PUERTO MADERO";"DISTRITO AUDIOVISUAL";"49";"87"
"DISTRITO AUDIOVISUAL";"OBELISCO";"47";"86"
"PARQUE PATRICIOS ";"DISTRITO AUDIOVISUAL";"42";"86"
"PLAZA BOEDO";"PARQUE LEZAMA";"33";"86"
"PARQUE CENTENARIO";"UCA PUERTO MADERO";"43";"84"
"INDEPENDENCIA";"PLAZA EMILIO MITRE";"34";"84"
"MONTEVIDEO";"EMMA DE LA BARRA";"32";"83"
"PARQUE PATRICIOS ";"PLAZA VICENTE LOPEZ";"41";"83"
"ADUANA";"DISTRITO AUDIOVISUAL";"51";"82"
"PLAZA BOEDO";"ARENALES";"32";"81"
"DISTRITO AUDIOVISUAL";"ALSINA ";"50";"80"
"PZA. SAN MARTIN";"PLAZA BOEDO";"32";"76"
"PARQUE CENTENARIO";"PARQUE LEZAMA";"45";"75"
"DISTRITO AUDIOVISUAL";"ADUANA";"48";"74"
"DISTRITO AUDIOVISUAL";"TRIBUNALES";"44";"74"
"DISTRITO AUDIOVISUAL";"PZA. SAN MARTIN";"41";"74"
"PARQUE LEZAMA";"MONTEVIDEO";"35";"74"
"PLAZA EMILIO MITRE";"PARQUE LEZAMA";"45";"73"
"CONGRESO";"CMD";"47";"73"
"VIRREY CEVALLOS";"PLAZA EMILIO MITRE";"28";"72"
"PARQUE PATRICIOS ";"DERECHO";"48";"70"
"PARQUE CENTENARIO";"EMMA DE LA BARRA";"43";"66"
"ARENALES";"PLAZA BOEDO";"36";"64"
"PLAZA BOEDO";"DISTRITO AUDIOVISUAL";"42";"61"
"ONCE";"CMD";"56";"60"
"PLAZA BOEDO";"EMMA DE LA BARRA";"45";"58"
"PLAZA ALMAGRO";"CMD";"43";"57"
"EMMA DE LA BARRA";"DISTRITO AUDIOVISUAL";"50";"57"
"PARQUE LEZAMA";"PLAZA EMILIO MITRE";"42";"53"
"PLAZA EMILIO MITRE";"PARQUE PATRICIOS ";"42";"50"
"EMMA DE LA BARRA";"PARQUE PATRICIOS ";"48";"50"
"PLAZA EMILIO MITRE";"PLAZA BOEDO";"41";"49"
"DISTRITO AUDIOVISUAL";"PLAZA EMILIO MITRE";"33";"48"
"PLAZA BOEDO";"PLAZA VICENTE LOPEZ";"37";"47"
"PARQUE LEZAMA";"DISTRITO AUDIOVISUAL";"53";"47"
"PARQUE PATRICIOS ";"PZA. SAN MARTIN";"48";"45"
"PARQUE CENTENARIO";"RETIRO";"62";"45"
"PARQUE PATRICIOS ";"CMD";"49";"44"
"PARQUE PATRICIOS ";"RETIRO";"49";"43"
"PARQUE PATRICIOS ";"PZA. ROMA";"52";"41"
"INDEPENDENCIA";"CMD";"50";"41"
"PZA. ROMA";"CMD";"43";"41"
"PZA. DE MAYO";"CMD";"45";"40"
"CMD";"UCA PUERTO MADERO";"41";"38"
"DISTRITO AUDIOVISUAL";"PARQUE LEZAMA";"53";"37"
"DISTRITO AUDIOVISUAL";"PLAZA BOEDO";"44";"36"
"PARQUE PATRICIOS ";"EMMA DE LA BARRA";"48";"36"
"PARQUE PATRICIOS ";"ARENALES";"44";"35"
"PLAZA BOEDO";"PLAZA EMILIO MITRE";"36";"33"
"DISTRITO AUDIOVISUAL";"MONTEVIDEO";"42";"32"
"DISTRITO AUDIOVISUAL";"UCA PUERTO MADERO";"49";"31"
"ALSINA ";"CMD";"42";"31"
"VIRREY CEVALLOS";"CMD";"54";"31"
"PLAZA EMILIO MITRE";"VIRREY CEVALLOS";"34";"31"
"CMD";"PLAZA ALMAGRO";"52";"30"
"PLAZA BOEDO";"RETIRO";"42";"28"
"PARQUE CENTENARIO";"ARENALES";"52";"28"
"CMD";"PARQUE PATRICIOS ";"47";"28"
"PLAZA BOEDO";"DERECHO";"43";"28"
"PLAZA ITALIA";"CMD";"52";"26"
"CMD";"INDEPENDENCIA";"37";"25"
"OBELISCO";"CMD";"51";"25"
"CMD";"VIRREY CEVALLOS";"41";"25"
"CMD";"CONGRESO";"40";"25"
"PLAZA BOEDO";"PZA. SAN MARTIN";"37";"24"
"RETIRO";"CMD";"69";"23"
"ADUANA";"CMD";"39";"21"
"PARQUE LAS HERAS";"CMD";"56";"21"
"DISTRITO AUDIOVISUAL";"PARQUE PATRICIOS ";"55";"20"
"MONTEVIDEO";"CMD";"39";"18"
"PLAZA HOUSSAY";"CMD";"68";"18"
"DISTRITO AUDIOVISUAL";"EMMA DE LA BARRA";"56";"16"
"PARQUE PATRICIOS ";"PLAZA EMILIO MITRE";"34";"16"
"TRIBUNALES";"CMD";"47";"15"
"CMD";"PLAZA VICENTE LOPEZ";"39";"14"
"PZA. SAN MARTIN";"CMD";"47";"12"
"CMD";"PZA. DE MAYO";"34";"12"
"CMD";"ONCE";"42";"11"
"CMD";"PZA. ROMA";"45";"11"
"CMD";"ALSINA ";"45";"10"
"CMD";"OBELISCO";"48";"10"
"CMD";"ADUANA";"42";"9"
"PLAZA BOEDO";"CMD";"63";"8"
"CMD";"PARQUE LAS HERAS";"42";"8"
"CMD";"RETIRO";"51";"8"
"SUIPACHA";"CMD";"72";"7"
"PLAZA GÜEMES";"CMD";"55";"5"
"CMD";"PLAZA GÜEMES";"59";"5"
"EMMA DE LA BARRA";"CMD";"54";"4"
"CMD";"DERECHO";"47";"4"
"CMD";"SUIPACHA";"46";"4"
"CMD";"PLAZA HOUSSAY";"38";"4"
"CMD";"PLAZA BOEDO";"41";"3"
"CMD";"PARQUE CENTENARIO";"52";"3"
"CMD";"PZA. SAN MARTIN";"37";"2"
"CMD";"EMMA DE LA BARRA";"50";"2"
"CMD";"PACIFICO";"79";"2"
"DERECHO";"CMD";"0";"1"
"PLAZA EMILIO MITRE";"CMD";"37";"1"
"PARQUE CENTENARIO";"CMD";"76";"1"
"ARENALES";"CMD";"46";"1"
"CMD";"DISTRITO AUDIOVISUAL";"90";"1"
"CMD";"ARENALES";"52";"1"
